id,timestamp,temperature
1,2019-03-18 16:35:39,14.0
2,2019-03-18 16:36:54,19.0
3,2019-03-18 17:18:42,10.0
4,2019-03-18 17:18:42,18.0
5,2019-03-18 17:18:42,12.0
6,2019-03-18 17:18:42,14.0
7,2019-03-18 17:18:42,10.0
8,2019-03-18 17:19:04,10.0
9,2019-03-18 17:19:04,15.0
10,2019-03-18 17:19:04,19.0
11,2019-03-18 17:19:04,16.0
12,2019-03-18 17:19:04,12.0
13,2019-04-09 15:47:36,14.0
14,2019-04-09 18:12:13,23.0
15,2019-04-09 18:15:01,32.0
16,2019-04-09 18:19:51,18.0
17,2019-04-09 18:20:37,30.0
18,2019-04-09 18:42:11,19.5
19,2019-04-09 18:44:26,30.0
20,2019-04-09 18:46:29,32.5
21,2019-04-25 17:51:20,34.2
22,2019-04-25 17:12:48,28.5
23,2019-04-29 16:17:01,20.0
24,2019-04-29 23:04:41,21.0
25,2019-05-02 14:19:57,24.0
26,2019-05-02 14:20:03,24.0
27,2019-05-02 14:20:31,24.0
28,2019-05-02 14:21:41,21.5
29,2019-05-02 14:22:22,21.5
30,2019-05-02 14:22:27,21.5
31,2019-05-02 14:22:29,21.5
32,2019-05-02 14:23:34,21.5
33,2019-05-02 14:24:06,21.5
34,2019-05-02 14:40:14,21.5
35,2019-05-02 14:40:31,21.5
36,2019-05-02 14:40:37,21.5
37,2019-05-02 14:40:41,21.5
38,2019-05-02 14:40:43,21.5
39,2019-05-02 14:40:48,21.5
40,2019-05-02 14:40:51,21.5
41,2019-05-02 14:40:57,21.0
42,2019-05-02 14:40:58,23.0
43,2019-05-02 14:41:02,22.0
44,2019-05-02 14:41:04,33.0
45,2019-05-02 14:41:09,34.0
46,2019-05-02 14:41:10,34.0
47,2019-05-02 14:41:24,35.0
48,2019-05-02 14:46:49,18.5
49,2019-05-02 14:48:56,18.5
50,2019-05-02 14:48:58,18.5
51,2019-05-02 14:48:59,18.5
52,2019-05-02 14:49:00,18.5
53,2019-05-02 14:49:06,13.5
54,2019-05-02 14:49:19,13.5
55,2019-05-02 14:49:32,13.5
56,2019-05-02 14:49:39,13.5
57,2019-05-02 14:49:46,13.5
58,2019-05-02 14:49:47,13.5
59,2019-05-02 14:49:48,13.5
60,2019-05-02 14:49:49,13.5
61,2019-05-02 14:49:50,13.5
62,2019-05-02 14:50:11,23.5
63,2019-05-02 14:50:12,23.5
64,2019-05-02 14:50:13,23.5
65,2019-05-02 14:50:38,24.5
66,2019-05-02 14:50:39,24.5
67,2019-05-02 14:50:40,24.5
68,2019-05-02 14:50:41,24.5
69,2019-05-02 14:50:42,24.5
70,2019-05-02 14:50:43,24.5
71,2019-05-02 14:50:44,24.5
72,2019-05-02 14:50:45,24.5
73,2019-05-02 14:51:53,24.5
74,2019-05-02 14:52:01,34.5
75,2019-05-02 14:52:02,34.5
76,2019-05-02 14:52:12,34.5
77,2019-05-02 14:52:13,34.5
78,2019-05-02 14:52:14,34.5
79,2019-05-02 14:52:36,34.5
80,2019-05-02 14:52:37,34.5
81,2019-05-02 14:52:38,34.5
82,2019-05-02 14:52:39,34.5
83,2019-05-02 14:52:40,34.5
84,2019-05-02 14:52:40,34.5
85,2019-05-02 14:52:41,34.5
86,2019-05-02 14:52:42,34.5
87,2019-05-02 14:52:44,34.5
88,2019-05-02 14:52:52,35.5
89,2019-05-02 14:52:53,35.5
90,2019-05-02 14:52:54,35.5
91,2019-05-02 14:53:17,35.5
92,2019-05-02 14:53:50,35.5
93,2019-05-02 14:53:52,35.5
94,2019-05-02 14:54:25,23.5
95,2019-05-02 14:54:26,23.5
96,2019-05-02 14:54:27,23.5
97,2019-05-02 14:54:36,23.8
98,2019-05-02 14:54:37,23.8
99,2019-05-02 14:54:39,23.8
100,2019-05-02 14:54:41,23.8
101,2019-05-02 14:54:49,24.8
102,2019-05-02 14:54:50,24.8
103,2019-05-02 14:54:52,24.8
104,2019-05-02 14:55:00,24.0
105,2019-05-02 14:55:01,24.0
106,2019-05-02 14:55:10,28.0
107,2019-05-02 14:55:11,28.0
108,2019-05-02 14:56:06,38.6
109,2019-05-02 14:56:07,38.6
110,2019-05-02 14:56:07,38.6
111,2019-05-02 14:56:12,30.6
112,2019-05-02 14:56:13,30.6
113,2019-05-02 14:56:23,30.6
114,2019-05-02 14:56:30,39.6
115,2019-05-02 14:56:37,39.6
116,2019-05-02 14:56:38,39.6
117,2019-05-02 14:56:42,39.6
118,2019-05-02 14:56:43,39.6
119,2019-05-02 14:57:00,33.6
120,2019-05-02 14:57:01,33.6
121,2019-05-02 14:57:03,33.6
122,2019-05-02 14:57:09,33.0
123,2019-05-02 14:57:10,33.0
124,2019-05-02 15:06:27,23.5
125,2019-05-02 15:06:30,23.5
126,2019-05-02 15:06:32,23.5
127,2019-05-02 15:13:14,23.5
128,2019-05-02 15:13:16,23.5
129,2019-05-02 15:13:48,20.5
130,2019-05-02 15:13:50,20.5
131,2019-05-02 15:13:52,20.5
132,2019-05-02 15:13:57,20.9
133,2019-05-02 15:13:58,20.9
134,2019-05-02 15:14:00,20.9
135,2019-05-02 15:14:05,18.9
136,2019-05-02 15:14:07,18.9
137,2019-05-02 15:14:08,18.9
138,2019-05-02 15:14:17,21.9
139,2019-05-02 15:14:18,21.9
140,2019-05-02 15:26:00,22.8
141,2019-05-02 15:26:49,22.8
142,2019-05-02 15:27:05,20.8
143,2019-05-02 15:27:12,20.8
144,2019-05-02 15:27:19,19.8
145,2019-05-02 15:29:35,23.9
146,2019-05-02 15:50:55,24.5
147,2019-05-02 15:51:29,21.5
148,2019-05-02 16:10:37,18.0
149,2019-05-02 16:24:24,20.0
150,2019-05-02 16:48:55,20.0
151,2019-05-02 16:48:57,20.0
152,2019-05-02 16:49:00,20.0
153,2019-05-02 16:57:33,35.0
154,2019-05-02 17:26:07,32.5
155,2019-05-20 13:39:57,2.0
156,2019-05-20 13:40:07,2.0
157,2019-05-20 13:40:17,2.0
158,2019-05-20 13:40:28,2.0
159,2019-05-20 13:40:40,2.0
160,2019-05-20 13:40:52,2.0
161,2019-05-20 13:41:07,2.0
162,2019-05-20 13:41:20,2.0
163,2019-05-20 13:41:37,2.0
164,2019-05-20 13:41:47,2.0
165,2019-05-20 13:41:58,2.0
166,2019-05-20 13:42:12,2.0
167,2019-05-20 13:42:22,2.0
168,2019-05-20 13:42:34,2.0
169,2019-05-20 13:42:55,2.0
170,2019-05-20 13:43:30,2.0
171,2019-05-20 13:43:42,2.0
172,2019-05-20 13:43:52,2.0
173,2019-05-20 13:44:03,2.0
174,2019-05-20 13:44:39,2.0
175,2019-05-20 13:44:51,2.0
176,2019-05-20 13:45:05,2.0
177,2019-05-20 13:45:46,2.0
178,2019-05-20 13:45:58,2.0
179,2019-05-20 13:46:10,2.0
180,2019-05-20 13:46:26,2.0
181,2019-05-20 13:46:37,2.0
182,2019-05-20 13:46:47,2.0
183,2019-05-20 13:47:00,2.0
184,2019-05-20 13:47:12,2.0
185,2019-05-20 13:47:24,2.0
186,2019-05-20 13:48:40,2.0
187,2019-05-20 13:48:51,2.0
188,2019-05-20 13:49:07,2.0
189,2019-05-20 13:49:19,2.0
190,2019-05-20 13:57:43,2.0
191,2019-05-20 14:06:33,2.0
192,2019-05-20 14:06:43,2.0
193,2019-05-20 14:06:53,2.0
194,2019-05-20 14:07:03,2.0
195,2019-05-20 14:07:14,2.0
196,2019-05-20 14:07:24,2.0
197,2019-05-20 14:07:34,2.0
198,2019-05-20 14:07:44,2.0
199,2019-05-20 14:07:54,2.0
200,2019-05-20 14:08:05,2.0
201,2019-05-20 14:08:15,2.0
202,2019-05-20 14:08:25,2.0
203,2019-05-20 14:08:35,2.0
204,2019-05-20 14:08:50,2.0
205,2019-05-20 14:09:00,2.0
206,2019-05-20 14:09:10,2.0
207,2019-05-20 14:09:21,2.0
208,2019-05-20 14:09:31,2.0
209,2019-05-20 14:09:41,2.0
210,2019-05-20 14:09:54,2.0
211,2019-05-20 14:10:24,2.0
212,2019-05-20 14:10:35,2.0
213,2019-05-20 14:10:50,2.0
214,2019-05-20 14:11:00,2.0
215,2019-05-20 14:11:11,2.0
216,2019-05-20 14:11:21,2.0
217,2019-05-20 14:11:35,2.0
218,2019-05-20 14:11:46,2.0
219,2019-05-20 14:11:57,2.0
220,2019-05-20 14:12:08,2.0
221,2019-05-20 14:12:18,2.0
222,2019-05-20 14:12:28,2.0
223,2019-05-20 14:12:39,2.0
224,2019-05-20 14:12:49,2.0
225,2019-05-20 14:13:00,2.0
226,2019-05-20 14:13:10,2.0
227,2019-05-20 14:13:21,2.0
228,2019-05-20 14:13:31,2.0
229,2019-05-20 14:13:42,2.0
230,2019-05-20 14:13:52,2.0
231,2019-05-20 14:14:02,2.0
232,2019-05-20 14:14:12,2.0
233,2019-05-20 14:14:22,2.0
234,2019-05-20 14:14:32,2.0
235,2019-05-20 14:14:42,2.0
236,2019-05-20 14:14:52,2.0
237,2019-05-20 14:15:03,2.0
238,2019-05-20 14:15:13,2.0
239,2019-05-20 14:15:23,2.0
240,2019-05-20 14:15:33,2.0
241,2019-05-20 14:15:43,2.0
242,2019-05-20 14:15:54,2.0
243,2019-05-20 14:16:04,2.0
244,2019-05-20 14:16:14,2.0
245,2019-05-20 14:16:28,2.0
246,2019-05-20 14:16:42,2.0
247,2019-05-20 14:17:34,14.31
248,2019-05-20 14:17:45,15.06
249,2019-05-20 14:17:58,14.87
250,2019-05-20 14:18:09,15.44
251,2019-05-20 14:18:20,15.25
252,2019-05-20 14:18:35,15.63
253,2019-05-20 14:18:48,13.38
254,2019-05-20 14:18:59,13.75
255,2019-05-20 14:19:10,2.69
256,2019-05-20 14:19:22,2.12
257,2019-05-20 14:19:33,1.06
258,2019-05-20 14:19:44,1.19
259,2019-05-20 14:19:58,0.94
260,2019-05-20 14:20:09,1.69
261,2019-05-20 14:20:22,2.19
262,2019-05-20 14:20:33,3.12
263,2019-05-20 14:20:45,3.5
264,2019-05-20 14:20:57,4.5
265,2019-05-20 14:21:08,1.56
266,2019-05-20 14:21:20,2.87
267,2019-05-20 14:21:33,2.62
268,2019-05-20 14:21:49,2.69
269,2019-05-20 14:22:01,2.19
270,2019-05-20 14:22:15,1.81
271,2019-05-20 14:22:27,2.69
272,2019-05-20 14:22:38,3.12
273,2019-05-20 14:22:50,3.75
274,2019-05-20 14:23:04,3.25
275,2019-05-20 14:23:16,3.0
276,2019-05-20 14:23:33,2.75
277,2019-05-20 14:23:45,2.94
278,2019-05-20 14:23:58,3.44
279,2019-05-20 14:24:11,3.62
280,2019-05-20 14:24:23,3.37
281,2019-05-20 14:24:35,3.0
282,2019-05-20 14:24:48,3.06
283,2019-05-20 14:25:05,3.0
284,2019-05-20 14:25:28,3.06
285,2019-05-20 14:25:33,2.37
286,2019-05-20 14:25:45,2.31
287,2019-05-20 14:25:57,2.56
288,2019-05-20 14:26:09,2.19
289,2019-05-20 14:26:20,2.06
290,2019-05-20 14:26:33,2.37
291,2019-05-20 14:26:48,2.31
292,2019-05-20 14:27:09,2.81
293,2019-05-20 14:27:23,3.0
294,2019-05-20 14:27:35,2.44
295,2019-05-20 14:27:50,1.75
296,2019-05-20 14:28:02,2.31
297,2019-05-20 14:28:14,1.81
298,2019-05-20 14:28:25,1.75
299,2019-05-20 14:28:37,2.06
300,2019-05-20 14:28:48,2.12
301,2019-05-20 14:28:59,1.75
302,2019-05-20 14:29:11,1.75
303,2019-05-20 14:29:22,2.0
304,2019-05-20 14:29:36,2.19
305,2019-05-20 14:29:49,2.37
306,2019-05-20 14:30:00,1.69
307,2019-05-20 14:30:12,2.5
308,2019-05-20 14:30:23,2.75
309,2019-05-20 14:30:35,3.0
310,2019-05-20 14:30:46,2.31
311,2019-05-20 14:30:58,2.56
312,2019-05-20 14:31:09,2.31
313,2019-05-20 14:31:20,2.37
314,2019-05-20 14:31:32,2.75
315,2019-05-20 14:31:43,2.5
316,2019-05-20 14:31:54,2.69
317,2019-05-20 14:32:06,2.5
318,2019-05-20 14:35:42,3.0
319,2019-05-20 14:35:53,2.81
320,2019-05-20 14:36:04,2.56
321,2019-05-20 14:36:16,2.56
322,2019-05-20 14:36:27,3.5
323,2019-05-20 14:36:38,3.44
324,2019-05-20 14:36:50,3.31
325,2019-05-20 14:37:01,2.94
326,2019-05-20 14:37:13,4.06
327,2019-05-20 14:37:25,3.5
328,2019-05-20 14:37:36,3.81
329,2019-05-20 14:37:48,1.94
330,2019-05-20 14:38:02,1.81
331,2019-05-20 14:38:14,2.31
332,2019-05-20 14:38:26,2.69
333,2019-05-20 14:38:37,2.56
334,2019-05-20 14:38:49,2.69
335,2019-05-20 14:39:03,2.62
336,2019-05-20 14:39:16,3.0
337,2019-05-20 14:39:27,2.81
338,2019-05-20 14:39:38,4.12
339,2019-05-20 14:39:50,3.31
340,2019-05-20 14:40:06,2.69
341,2019-05-20 14:40:18,3.5
342,2019-05-20 14:40:29,2.56
343,2019-05-20 14:40:40,2.06
344,2019-05-20 14:40:51,2.56
345,2019-05-20 14:41:03,4.0
346,2019-05-20 14:41:14,2.81
347,2019-05-20 14:41:25,3.19
348,2019-05-20 14:41:37,3.25
349,2019-05-20 14:41:48,3.69
350,2019-05-20 14:41:59,2.56
351,2019-05-20 14:42:11,3.19
352,2019-05-20 14:42:22,3.25
353,2019-05-20 14:42:33,3.44
354,2019-05-20 14:42:46,3.75
355,2019-05-20 14:42:58,3.37
356,2019-05-20 14:43:13,3.25
357,2019-05-20 14:43:25,4.87
358,2019-05-20 14:43:39,4.5
359,2019-05-20 14:43:51,2.94
360,2019-05-20 14:44:02,4.5
361,2019-05-20 14:44:13,3.62
362,2019-05-20 14:44:24,3.44
363,2019-05-20 14:44:36,3.69
364,2019-05-20 14:44:49,3.44
365,2019-05-20 14:45:01,3.31
366,2019-05-20 14:45:13,3.0
367,2019-05-20 14:45:24,3.06
368,2019-05-20 14:45:35,3.06
369,2019-05-20 14:45:46,2.44
370,2019-05-20 14:45:58,3.0
371,2019-05-20 14:46:09,2.62
372,2019-05-20 14:46:21,3.0
373,2019-05-20 14:46:32,2.69
374,2019-05-20 14:46:44,2.56
375,2019-05-20 14:46:56,1.87
376,2019-05-20 14:47:24,1.94
377,2019-05-20 14:48:25,2.5
378,2019-05-20 14:48:39,1.87
379,2019-05-20 14:48:51,2.0
380,2019-05-20 14:49:11,1.75
381,2019-05-20 14:49:23,2.37
382,2019-05-20 14:49:36,2.19
383,2019-05-20 14:49:52,2.5
384,2019-05-20 14:50:20,2.44
385,2019-05-20 14:50:32,2.75
386,2019-05-20 14:50:43,3.06
387,2019-05-20 14:50:55,3.0
388,2019-05-20 14:51:10,3.06
389,2019-05-20 14:51:25,2.19
390,2019-05-20 14:51:53,3.0
391,2019-05-20 14:52:04,2.94
392,2019-05-20 14:52:16,3.12
393,2019-05-20 14:52:28,3.5
394,2019-05-20 14:52:39,2.94
395,2019-05-20 14:52:50,2.56
396,2019-05-20 14:53:01,2.56
397,2019-05-20 14:53:13,2.37
398,2019-05-20 14:53:24,2.19
399,2019-05-20 14:53:38,2.44
400,2019-05-20 14:53:51,2.56
401,2019-05-20 14:54:03,2.31
402,2019-05-20 14:54:14,2.37
403,2019-05-20 14:54:25,2.12
404,2019-05-20 14:54:37,2.19
405,2019-05-20 14:55:09,2.12
406,2019-05-20 14:55:22,2.12
407,2019-05-20 14:55:34,2.12
408,2019-05-20 14:55:45,2.25
409,2019-05-20 14:55:57,2.19
410,2019-05-20 14:56:09,2.44
411,2019-05-20 14:56:20,2.44
412,2019-05-20 14:56:32,2.37
413,2019-05-20 14:56:43,2.37
414,2019-05-20 14:56:57,1.44
415,2019-05-20 14:57:09,2.69
416,2019-05-20 14:57:23,2.31
417,2019-05-20 14:57:35,2.56
418,2019-05-20 14:57:46,2.75
419,2019-05-20 14:57:57,2.81
420,2019-05-20 14:58:10,2.12
421,2019-05-20 14:58:21,2.19
422,2019-05-20 14:58:35,2.87
423,2019-05-20 14:58:50,2.75
424,2019-05-20 14:59:02,2.81
425,2019-05-20 14:59:32,2.69
426,2019-05-20 14:59:33,2.37
427,2019-05-20 14:59:45,2.87
428,2019-05-20 14:59:59,2.62
429,2019-05-20 15:00:14,2.56
430,2019-05-20 15:00:25,2.69
431,2019-05-20 15:00:53,2.62
432,2019-05-20 15:01:16,2.5
433,2019-05-20 15:01:22,3.0
434,2019-05-20 15:01:33,2.75
435,2019-05-20 15:01:45,2.44
436,2019-05-20 15:01:56,1.87
437,2019-05-20 15:02:27,2.06
438,2019-05-20 15:02:39,2.06
439,2019-05-20 15:02:51,1.94
440,2019-05-20 15:03:02,2.06
441,2019-05-20 15:03:16,2.44
442,2019-05-20 15:03:28,2.62
443,2019-05-20 15:03:39,2.25
444,2019-05-20 15:03:52,2.12
445,2019-05-20 15:04:04,2.37
446,2019-05-20 15:04:19,2.12
447,2019-05-20 15:04:32,2.31
448,2019-05-20 15:04:44,2.25
449,2019-05-20 15:05:01,1.94
450,2019-05-20 15:05:13,1.81
451,2019-05-20 15:05:25,2.31
452,2019-05-20 15:05:37,2.12
453,2019-05-20 15:05:49,1.62
454,2019-05-20 15:06:04,2.0
455,2019-05-20 15:06:15,5.6
456,2019-05-20 15:06:28,6.0
457,2019-05-20 15:06:39,0.13
458,2019-05-20 15:06:55,0.13
459,2019-05-20 15:07:07,0.13
460,2019-05-20 15:07:20,0.13
461,2019-05-20 15:07:31,0.06
462,2019-05-20 15:07:43,0.25
463,2019-05-20 15:07:54,0.13
464,2019-05-20 15:08:05,0.5
465,2019-05-20 15:08:16,1.0
466,2019-05-20 15:08:28,0.81
467,2019-05-20 15:08:39,1.31
468,2019-05-20 15:08:50,1.06
469,2019-05-20 15:09:01,1.25
470,2019-05-20 15:09:13,1.44
471,2019-05-20 15:09:24,1.19
472,2019-05-20 15:09:35,0.69
473,2019-05-20 15:09:47,1.12
474,2019-05-20 15:09:58,0.69
475,2019-05-20 15:10:09,0.81
476,2019-05-20 15:10:20,1.25
477,2019-05-20 15:10:32,1.31
478,2019-05-20 15:10:43,0.69
479,2019-05-20 15:10:54,0.81
480,2019-05-20 15:11:06,0.62
481,2019-05-20 15:11:17,0.94
482,2019-05-20 15:11:28,0.75
483,2019-05-20 15:11:40,1.12
484,2019-05-20 15:11:51,2.12
485,2019-05-20 15:12:03,1.44
486,2019-05-20 15:12:14,1.31
487,2019-05-20 15:12:25,0.06
488,2019-05-20 15:12:36,0.31
489,2019-05-20 15:13:21,0.56
490,2019-05-20 15:13:33,0.69
491,2019-05-20 15:13:55,0.62
492,2019-05-20 15:14:06,0.62
493,2019-05-20 16:25:30,3.87
494,2019-05-20 16:25:42,5.19
495,2019-05-20 16:25:53,5.69
496,2019-05-20 16:26:04,6.12
497,2019-05-20 16:26:16,6.44
498,2019-05-20 16:26:27,5.5
499,2019-05-26 16:26:55,34.0
500,2019-05-26 16:27:49,34.0
501,2019-05-26 16:37:15,20.5
502,2019-05-26 16:45:19,25.5
503,2019-05-26 16:50:00,25.5
504,2019-05-26 16:57:03,26.5
505,2019-05-26 17:12:36,24.5
506,2019-05-26 17:14:31,14.5
507,2019-05-26 17:21:11,24.5
508,2019-05-27 10:49:13,25.54
509,2019-05-27 10:50:03,25.54
510,2019-05-27 10:50:13,25.54
511,2019-05-27 10:50:22,25.54
512,2019-05-27 10:50:38,25.54
513,2019-05-27 10:51:29,25.54
514,2019-05-27 10:51:39,25.54
515,2019-05-27 10:51:51,25.54
516,2019-05-27 10:52:01,25.54
517,2019-05-27 10:52:28,25.54
518,2019-05-27 10:52:31,25.54
519,2019-05-27 10:52:51,25.54
520,2019-05-27 10:53:03,25.54
521,2019-05-28 11:21:10,24.5
522,2019-05-28 11:33:11,20.5
523,2019-05-28 11:34:48,20.5
524,2019-05-28 11:38:34,20.5
525,2019-05-28 12:09:43,25.37
526,2019-05-28 12:09:45,85.0
527,2019-05-28 12:09:53,25.37
528,2019-05-28 12:10:00,25.37
529,2019-05-28 12:10:18,25.37
530,2019-05-28 12:10:22,25.37
531,2019-05-28 12:10:36,25.37
532,2019-05-28 12:10:53,25.37
533,2019-05-28 12:11:12,25.37
534,2019-05-28 12:11:18,25.37
535,2019-05-28 12:11:25,25.37
536,2019-05-28 12:11:32,25.37
537,2019-05-28 12:11:38,25.37
538,2019-05-28 12:11:45,25.37
539,2019-05-28 12:11:51,25.37
540,2019-05-28 12:11:58,25.37
541,2019-05-28 12:12:04,25.37
542,2019-05-28 12:12:11,25.37
543,2019-05-28 12:12:53,25.37
544,2019-05-28 12:13:00,25.37
545,2019-05-28 12:13:06,25.37
546,2019-05-28 12:13:13,25.37
547,2019-05-28 12:13:21,25.37
548,2019-05-28 12:13:29,25.37
549,2019-05-28 12:13:36,25.37
550,2019-05-28 12:13:42,25.37
551,2019-05-28 12:13:49,25.37
552,2019-05-28 12:13:55,25.37
553,2019-05-28 12:14:02,25.37
554,2019-05-28 12:14:08,25.37
555,2019-05-28 12:14:15,25.37
556,2019-05-28 12:14:21,25.37
557,2019-05-28 12:14:28,25.37
558,2019-05-28 12:14:35,25.37
559,2019-05-28 12:14:41,25.37
560,2019-05-28 12:14:48,25.37
561,2019-05-28 12:14:54,25.37
562,2019-05-28 12:15:00,25.37
563,2019-05-28 12:15:07,25.37
564,2019-05-28 12:15:13,25.37
565,2019-05-28 12:15:20,25.37
566,2019-05-28 12:15:26,25.37
567,2019-05-28 12:15:35,25.37
568,2019-05-28 12:15:46,25.37
569,2019-05-28 12:15:52,25.37
570,2019-05-28 12:15:59,25.37
571,2019-05-28 12:16:05,25.37
572,2019-05-28 12:16:12,25.37
573,2019-05-28 12:16:18,25.37
574,2019-05-28 12:24:41,25.31
575,2019-05-28 12:24:48,25.37
576,2019-05-28 12:24:54,25.31
577,2019-05-28 12:25:01,25.37
578,2019-05-28 12:25:07,25.31
579,2019-05-28 12:25:14,25.37
580,2019-05-28 12:25:20,25.31
581,2019-05-28 12:25:27,25.31
582,2019-05-28 12:25:33,25.31
583,2019-05-28 12:25:40,25.37
584,2019-05-28 12:25:46,25.31
585,2019-05-28 12:26:02,25.31
586,2019-05-28 12:26:12,25.31
587,2019-05-28 12:26:21,25.31
588,2019-05-28 12:26:31,25.31
589,2019-05-28 12:26:40,25.31
590,2019-05-28 12:26:49,25.31
591,2019-05-28 12:26:59,25.31
592,2019-05-28 12:27:13,25.31
593,2019-05-28 12:27:26,25.31
594,2019-05-28 12:27:33,25.31
595,2019-05-28 12:27:45,25.31
596,2019-05-28 12:27:54,25.31
597,2019-05-28 12:28:04,25.31
598,2019-05-28 12:28:15,25.31
599,2019-05-28 12:28:24,25.31
600,2019-05-28 12:28:33,25.31
601,2019-05-28 12:28:42,25.31
602,2019-05-28 12:28:51,25.31
603,2019-05-28 12:29:00,25.31
604,2019-05-28 12:29:09,25.31
605,2019-05-28 12:29:18,25.31
606,2019-05-28 12:29:27,25.31
607,2019-05-28 12:29:34,25.31
608,2019-05-28 12:29:40,25.31
609,2019-05-28 12:29:47,25.31
610,2019-05-28 12:29:53,25.31
611,2019-05-28 12:30:00,25.31
612,2019-05-28 12:30:06,25.31
613,2019-05-28 12:30:13,25.31
614,2019-05-28 12:30:20,25.31
615,2019-05-28 12:30:26,25.37
616,2019-05-28 12:30:32,25.37
617,2019-05-28 12:30:39,25.31
618,2019-05-28 12:30:45,25.31
619,2019-05-28 12:30:52,25.31
620,2019-05-28 12:31:04,25.31
621,2019-05-28 12:31:10,25.31
622,2019-05-28 12:31:16,25.31
623,2019-05-28 12:31:23,25.31
624,2019-05-28 12:31:29,25.31
625,2019-05-28 12:31:36,25.31
626,2019-05-28 12:31:42,25.31
627,2019-05-28 12:31:49,25.31
628,2019-05-28 12:31:55,25.31
629,2019-05-28 12:32:02,25.31
630,2019-05-28 12:32:08,25.31
631,2019-05-28 12:32:15,25.31
632,2019-05-28 12:32:21,25.31
633,2019-05-28 12:32:28,25.31
634,2019-05-28 12:32:34,25.37
635,2019-05-28 12:32:41,25.31
636,2019-05-28 12:32:47,25.31
637,2019-05-28 12:32:53,25.31
638,2019-05-28 12:33:00,25.31
639,2019-05-28 12:33:06,25.31
640,2019-05-28 12:33:13,25.31
641,2019-05-28 12:33:19,25.31
642,2019-05-28 12:33:26,25.31
643,2019-05-28 12:33:32,25.31
644,2019-05-28 12:33:38,25.31
645,2019-05-28 12:33:45,25.31
646,2019-05-28 12:33:51,25.31
647,2019-05-28 12:33:58,25.31
648,2019-05-28 12:34:04,25.31
649,2019-05-28 12:34:11,25.31
650,2019-05-28 12:34:17,25.31
651,2019-05-28 12:34:24,25.31
652,2019-05-28 12:34:30,25.31
653,2019-05-28 12:34:36,25.31
654,2019-05-28 12:34:43,25.31
655,2019-05-28 12:34:49,25.31
656,2019-05-28 12:34:56,25.31
657,2019-05-28 12:35:02,25.31
658,2019-05-28 12:35:09,25.31
659,2019-05-28 12:35:16,25.31
660,2019-05-28 12:35:22,25.31
661,2019-05-28 12:35:29,25.31
662,2019-05-28 12:35:35,25.31
663,2019-05-28 12:35:45,25.31
664,2019-05-28 12:35:52,25.31
665,2019-05-28 12:35:59,25.31
666,2019-05-28 12:36:05,25.31
667,2019-05-28 12:36:12,25.31
668,2019-05-28 12:36:19,25.31
669,2019-05-28 12:36:26,25.31
670,2019-05-28 12:36:32,25.31
671,2019-05-28 12:36:39,25.31
672,2019-05-28 12:36:45,25.31
673,2019-05-28 12:36:52,25.31
674,2019-05-28 12:36:58,25.31
675,2019-05-28 12:37:05,25.31
676,2019-05-28 12:37:11,25.31
677,2019-05-28 12:37:18,25.31
678,2019-05-28 12:37:24,25.31
679,2019-05-28 12:37:31,25.31
680,2019-05-28 12:37:37,25.31
681,2019-05-28 12:37:44,25.31
682,2019-05-28 12:37:50,25.31
683,2019-05-28 12:37:56,25.31
684,2019-05-28 12:38:03,25.31
685,2019-05-28 12:38:09,25.31
686,2019-05-28 12:38:16,25.31
687,2019-05-28 12:38:22,25.31
688,2019-05-28 12:38:29,25.31
689,2019-05-28 12:38:35,25.31
690,2019-05-28 12:38:41,25.31
691,2019-05-28 12:38:48,25.31
692,2019-05-28 12:38:54,25.31
693,2019-05-28 12:39:01,25.31
694,2019-05-28 12:39:07,25.31
695,2019-05-28 12:39:14,25.31
696,2019-05-28 12:39:22,25.31
697,2019-05-28 12:39:28,25.31
698,2019-05-28 12:39:34,25.31
699,2019-05-28 12:39:41,25.31
700,2019-05-28 12:39:51,25.31
701,2019-05-28 12:39:57,25.31
702,2019-05-28 12:40:04,25.31
703,2019-05-28 12:40:10,25.31
704,2019-05-28 12:40:17,25.31
705,2019-05-28 12:40:23,25.31
706,2019-05-28 12:40:30,25.31
707,2019-05-28 12:40:36,25.31
708,2019-05-28 12:40:43,25.31
709,2019-05-28 12:40:50,25.31
710,2019-05-28 12:40:57,25.31
711,2019-05-28 12:41:04,25.31
712,2019-05-28 12:41:11,25.31
713,2019-05-28 12:41:17,25.31
714,2019-05-28 12:41:25,25.31
715,2019-05-28 12:41:31,25.31
716,2019-05-28 12:41:38,25.31
717,2019-05-28 12:41:44,25.31
718,2019-05-28 12:41:51,25.31
719,2019-05-28 12:41:57,25.31
720,2019-05-28 12:42:04,25.31
721,2019-05-28 12:42:10,25.31
722,2019-05-28 12:42:17,25.31
723,2019-05-28 12:42:23,25.31
724,2019-05-28 12:42:30,25.31
725,2019-05-28 12:42:36,25.31
726,2019-05-28 12:42:43,25.31
727,2019-05-28 12:42:49,25.31
728,2019-05-28 12:42:56,25.31
729,2019-05-28 12:43:02,25.31
730,2019-05-28 12:43:09,25.31
731,2019-05-28 12:43:15,25.31
732,2019-05-28 12:43:21,25.31
733,2019-05-28 12:43:28,25.31
734,2019-05-28 12:43:49,25.31
735,2019-05-28 12:43:51,25.31
736,2019-05-28 12:44:03,25.31
737,2019-05-28 12:44:09,25.31
738,2019-05-28 12:44:17,25.31
739,2019-05-28 12:44:24,25.31
740,2019-05-28 12:44:31,25.31
741,2019-05-28 12:44:37,25.31
742,2019-05-28 12:44:44,25.31
743,2019-05-28 12:44:51,25.31
744,2019-05-28 12:44:57,25.31
745,2019-05-28 12:45:04,25.31
746,2019-05-28 12:45:11,25.31
747,2019-05-28 12:45:18,25.31
748,2019-05-28 12:45:24,25.31
749,2019-05-28 12:45:31,25.31
750,2019-05-28 12:45:37,25.31
751,2019-05-28 12:45:44,25.31
752,2019-05-28 12:45:50,25.31
753,2019-05-28 12:45:57,25.31
754,2019-05-28 12:46:03,25.31
755,2019-05-28 12:46:10,25.31
756,2019-05-28 12:46:16,25.31
757,2019-05-28 12:46:23,25.31
758,2019-05-28 12:46:34,25.31
759,2019-05-28 12:46:45,25.31
760,2019-05-28 12:47:00,25.31
761,2019-05-28 12:47:16,25.31
762,2019-05-28 12:47:45,25.31
763,2019-05-28 12:47:53,25.31
764,2019-05-28 12:48:04,25.31
765,2019-05-28 12:48:20,25.31
766,2019-05-28 12:48:50,25.31
767,2019-05-28 12:49:03,25.31
768,2019-05-28 12:49:14,25.31
769,2019-05-28 12:49:24,25.31
770,2019-05-28 12:50:07,25.31
771,2019-05-28 12:50:18,25.31
772,2019-05-28 12:50:39,25.31
773,2019-05-28 12:50:45,25.31
774,2019-05-28 12:50:55,25.31
775,2019-05-28 12:51:19,25.31
776,2019-05-28 12:51:33,25.31
777,2019-05-28 12:51:46,25.31
778,2019-05-28 12:52:00,25.31
779,2019-05-28 12:52:10,25.31
780,2019-05-28 12:52:29,25.31
781,2019-05-28 12:52:42,25.31
782,2019-05-28 12:52:50,25.31
783,2019-05-28 12:53:01,25.31
784,2019-05-28 12:53:12,25.31
785,2019-05-28 12:53:31,25.31
786,2019-05-28 12:53:43,25.25
787,2019-05-28 12:53:58,25.31
788,2019-05-28 12:54:16,25.31
789,2019-05-28 12:54:33,25.31
790,2019-05-28 12:55:16,25.25
791,2019-05-28 12:55:16,25.31
792,2019-05-28 12:55:25,25.25
793,2019-05-28 12:56:20,25.31
794,2019-05-28 12:56:45,25.25
795,2019-05-28 12:56:47,25.25
796,2019-05-28 12:56:54,25.31
797,2019-05-28 12:57:00,25.31
798,2019-05-28 12:57:23,25.25
799,2019-05-28 12:57:36,25.25
800,2019-05-28 12:57:38,25.25
801,2019-05-28 12:57:56,25.25
802,2019-05-28 12:58:09,25.25
803,2019-05-28 12:58:15,25.31
804,2019-05-28 12:58:27,25.25
805,2019-05-28 12:58:36,25.25
806,2019-05-28 12:58:50,25.25
807,2019-05-28 12:59:25,25.25
808,2019-05-28 12:59:35,25.25
809,2019-05-28 12:59:44,25.25
810,2019-05-28 13:00:00,25.31
811,2019-05-28 13:00:03,25.25
812,2019-05-28 13:00:11,25.25
813,2019-05-28 13:00:17,25.25
814,2019-05-28 13:00:25,25.25
815,2019-05-28 13:00:34,25.25
816,2019-05-28 13:00:43,25.25
817,2019-05-28 13:00:54,25.25
818,2019-05-28 13:01:03,25.31
819,2019-05-28 13:01:11,25.25
820,2019-05-28 13:01:22,25.25
821,2019-05-28 13:01:29,25.25
822,2019-05-28 13:01:37,25.25
823,2019-05-28 13:01:44,25.25
824,2019-05-28 13:01:51,25.31
825,2019-05-28 13:02:18,25.25
826,2019-05-28 13:02:22,25.31
827,2019-05-28 13:02:25,25.25
828,2019-05-28 13:02:32,25.25
829,2019-05-28 13:02:42,25.25
830,2019-05-28 13:02:49,25.25
831,2019-05-28 13:02:59,25.25
832,2019-05-28 13:03:09,25.25
833,2019-05-28 13:03:22,25.25
834,2019-05-28 13:03:29,25.25
835,2019-05-28 13:03:38,25.25
836,2019-05-28 13:03:50,25.25
837,2019-05-28 13:03:58,25.25
838,2019-05-28 13:04:06,25.25
839,2019-05-28 13:04:25,25.25
840,2019-05-28 13:04:27,25.25
841,2019-05-28 13:04:35,25.25
842,2019-05-28 13:05:44,25.25
843,2019-05-28 13:05:58,25.25
844,2019-05-28 13:06:04,25.31
845,2019-05-28 13:06:12,25.25
846,2019-05-28 13:06:23,25.25
847,2019-05-28 13:06:31,25.25
848,2019-05-28 13:06:38,25.25
849,2019-05-28 13:06:47,25.25
850,2019-05-28 13:07:09,25.25
851,2019-05-28 13:07:40,25.25
852,2019-05-28 13:07:48,25.25
853,2019-05-28 13:07:58,25.25
854,2019-05-28 13:08:14,25.25
855,2019-05-28 13:08:23,25.25
856,2019-05-28 13:08:31,25.25
857,2019-05-28 13:08:43,25.25
858,2019-05-28 13:09:15,25.25
859,2019-05-28 13:09:22,25.25
860,2019-05-28 13:09:30,25.25
861,2019-05-28 13:09:39,25.25
862,2019-05-28 13:09:50,25.25
863,2019-05-28 13:09:57,25.25
864,2019-05-28 13:10:09,25.25
865,2019-05-28 13:10:31,25.25
866,2019-05-28 13:10:32,25.25
867,2019-05-28 13:10:40,25.25
868,2019-05-28 13:11:02,25.25
869,2019-05-28 13:11:02,25.25
870,2019-05-28 13:11:14,25.25
871,2019-05-28 13:11:22,25.25
872,2019-05-28 13:11:36,25.25
873,2019-05-28 13:11:41,25.25
874,2019-05-28 13:11:51,25.25
875,2019-05-28 13:11:59,25.25
876,2019-05-28 13:12:08,25.25
877,2019-05-28 13:12:16,25.25
878,2019-05-28 13:12:24,25.25
879,2019-05-28 13:12:32,25.25
880,2019-05-28 13:12:44,25.25
881,2019-05-28 13:13:04,25.25
882,2019-05-28 13:13:14,25.25
883,2019-05-28 13:13:26,25.25
884,2019-05-28 13:13:33,25.25
885,2019-05-28 13:13:44,25.25
886,2019-05-28 13:13:56,25.25
887,2019-05-28 13:14:08,25.25
888,2019-05-28 13:14:17,25.25
889,2019-05-28 13:14:24,25.25
890,2019-05-28 13:14:41,25.25
891,2019-05-28 13:14:46,25.25
892,2019-05-28 13:14:56,25.25
893,2019-05-28 13:15:36,25.25
894,2019-05-28 13:15:38,25.25
895,2019-05-28 13:15:46,25.25
896,2019-05-28 13:15:53,25.25
897,2019-05-28 13:15:59,25.25
898,2019-05-28 13:16:08,25.25
899,2019-05-28 13:16:15,25.25
900,2019-05-28 13:16:22,25.25
901,2019-05-28 13:16:30,25.25
902,2019-05-28 13:16:37,25.25
903,2019-05-28 13:16:46,25.25
904,2019-05-28 13:16:56,25.25
905,2019-05-28 13:17:05,25.25
906,2019-05-28 13:17:15,25.25
907,2019-05-28 13:17:23,25.25
908,2019-05-28 13:17:30,25.25
909,2019-05-28 13:17:41,25.25
910,2019-05-28 13:17:49,25.25
911,2019-05-28 13:18:00,25.25
912,2019-05-28 13:18:16,25.25
913,2019-05-28 13:18:28,25.25
914,2019-05-28 13:18:37,25.25
915,2019-05-28 13:18:44,25.25
916,2019-05-28 13:18:57,25.25
917,2019-05-28 13:19:18,25.25
918,2019-05-28 13:19:36,25.25
919,2019-05-28 13:19:53,25.25
920,2019-05-28 13:20:01,25.25
921,2019-05-28 13:20:10,25.25
922,2019-05-28 13:20:33,25.25
923,2019-05-28 13:20:45,25.25
924,2019-05-28 13:20:52,25.25
925,2019-05-28 13:21:17,25.25
926,2019-05-28 13:21:28,25.25
927,2019-05-28 13:22:49,25.25
928,2019-05-28 13:22:53,25.25
929,2019-05-28 13:28:12,25.19
930,2019-05-28 13:28:23,25.19
931,2019-05-28 13:29:32,25.19
932,2019-05-28 13:29:42,25.19
933,2019-05-28 13:29:50,25.19
934,2019-05-28 13:29:57,25.19
935,2019-05-28 13:30:04,25.19
936,2019-05-28 13:30:11,25.19
937,2019-05-28 13:30:25,25.19
938,2019-05-28 13:30:33,25.19
939,2019-05-28 13:30:53,25.19
940,2019-05-28 13:30:57,25.19
941,2019-05-28 13:30:59,25.19
942,2019-05-28 13:31:06,25.19
943,2019-05-28 13:31:17,25.19
944,2019-05-28 13:32:04,25.19
945,2019-05-28 13:32:16,25.19
946,2019-05-28 13:32:23,25.19
947,2019-05-28 13:32:49,25.19
948,2019-05-28 13:32:51,25.19
949,2019-05-28 13:33:21,25.19
950,2019-05-28 13:33:30,25.19
951,2019-05-28 13:34:06,25.19
952,2019-05-28 13:34:28,25.25
953,2019-05-28 13:34:52,25.19
954,2019-05-28 13:35:01,25.19
955,2019-05-28 13:35:10,25.25
956,2019-05-28 13:35:17,25.19
957,2019-05-28 13:35:24,25.19
958,2019-05-28 13:35:30,25.19
959,2019-05-28 13:35:37,25.19
